days_before_removal,lying_mean,lying_std,lying_count,lying_min,lying_max,not_lying_mean,not_lying_std,not_lying_count,not_lying_min,not_lying_max,group,total_pigs_mean,lying_percentage
-7,11.443362624535624,3.1076526717526836,20,4.56358553529148,17.366827537017198,9.633234275247553,1.802295800518018,20,6.764502327948708,11.88115017992884,outbreak,21.076596899783176,54.294166553298496
-5,11.885464513060716,3.0533941784227947,20,4.699168021848663,17.101069405735426,9.360263877012127,1.4956901069558832,20,6.417995659413606,11.88345872767402,outbreak,21.24572839007284,55.94284316754351
-3,12.10762395122962,3.0842653159420363,20,4.608848212220153,17.448328750907283,9.137828430173885,1.4701609060330603,20,6.414343951683909,11.595381910669694,outbreak,21.245452381403503,56.989249905676864
-1,12.00741956182814,3.034799197079527,20,4.556218138212659,17.415972201080077,9.183560904784937,1.8086485606124036,20,5.858353435766774,12.187961187537946,outbreak,21.190980466613077,56.662878722134316
0,12.06271564597064,3.1409573241937894,20,4.717231367815774,17.719366139719142,8.842452061178752,1.948459167728383,20,5.9661968796129825,12.792588837852321,outbreak,20.905167707149392,57.70207546263928
-7,9.953286531435863,3.790597511320869,79,2.246269065035284,16.776205966971435,9.106545464269583,1.9009099820814013,79,6.834501170205891,12.239666011850943,control,19.059831995705444,52.221271067229424
-5,10.37212343750874,3.6260310557338773,100,2.790917155560764,16.67790553737954,9.110695393965942,1.9866397080796676,100,6.536980101302436,13.184742264574254,control,19.48281883147468,53.23728320438147
-3,10.582737974403747,3.5015477341694816,100,2.7026159772858276,17.85027906502937,8.895033846440889,1.9159717327945338,100,6.638439743496544,13.390507647557088,control,19.477771820844637,54.33238499630825
-1,10.930831277495193,3.4803194210244652,100,2.7026159772858276,17.85027906502937,9.268813930914966,1.7604811269707354,100,6.429955467777876,12.730423151361697,control,20.19964520841016,54.11397658085658
0,11.122786098687095,3.3928069452721368,100,2.246269065035284,17.501127697561646,9.577618609531664,1.8343532165847314,100,6.267942096962894,11.947469075993828,control,20.70040470821876,53.732215652146046
