pattern_category,value_at_removal_mean,value_at_removal_std,value_at_removal_count,value_7d_before_mean,value_7d_before_std,abs_change_7d_mean,abs_change_7d_std,7d_window_slope_mean,7d_window_slope_std,3d_window_slope_mean,3d_window_slope_std
Erratic-decline,-0.3467432438986484,0.27196384146886043,3,0.5531574647543464,0.25015980877576005,-0.8999007086529947,0.3958263693523992,-0.1429679181810672,0.06767736070440876,-0.06593375271307135,0.11941713329943639
Gradual-decline,0.0023070806662622407,0.3548276156664252,7,0.5823641689936204,0.1973359013593762,-0.5800570883273583,0.34382109652300186,-0.08409674297377752,0.067918967489143,-0.07905070854138087,0.09213257477742141
Moderate-decline,0.23843713150364199,0.44441588309838914,5,0.8011151415318369,0.07546905897865482,-0.5626780100281951,0.4276161892698032,-0.09043976725005108,0.07514650548802071,-0.1363473206864862,0.10892156659625826
Sudden-decline,-0.17788297852120033,0.14453652179563764,5,0.7577683771831667,0.07344307972553674,-0.935651355704367,0.10650294804388982,-0.13096480180129227,0.022159081676041643,-0.27527284007938474,0.021848829316827485
