pattern_category,value_at_removal_mean,value_at_removal_std,value_at_removal_count,value_7d_before_mean,value_7d_before_std,abs_change_7d_mean,abs_change_7d_std,7d_window_slope_mean,7d_window_slope_std,3d_window_slope_mean,3d_window_slope_std
Erratic-decline,-0.27385286419847893,0.3954960486428312,3,0.5785967347239284,0.25842478271964475,-0.8524495989224072,0.45001570924841056,-0.1377390001279903,0.074640514292751,0.01674348029991751,0.029829016073639174
Gradual-decline,0.11381003094447673,0.390328195292356,9,0.6219728664453621,0.17881342658219485,-0.5081628355008854,0.3744706751628228,-0.08090088498153632,0.06919319112485181,-0.07180407433989455,0.08722627686994656
Moderate-decline,0.29347754900775536,0.4130564527555466,5,0.7424273225827718,0.16905533042684334,-0.4489497735750164,0.4142945943667537,-0.07687745051687603,0.07238140679344206,-0.1002233315537103,0.11827921305634677
Sudden-decline,-0.1553309211182434,0.14058526475012328,6,0.7286063600237168,0.0970445682998565,-0.8839372811419602,0.15849408632724624,-0.12330795400425983,0.027287063412941893,-0.2631470556984185,0.03555425368552675
